"day","dev","stage"
1,"17.2565781259334",0
2,"35.002173860036315",1
3,"39.662586277359644",2
4,"35.36882480881919",2
5,"43.95065413870996",2
6,"34.41063099432512",1
7,"67.37280879904836",3
8,"13.38063156902063",0
9,"46.68895710004591",2
10,"26.510928176535504",1
11,"88.71754367375065",3
12,"72.68205313659368",3
13,"62.86787866015342",2
14,"28.610874403716558",1
15,"50.29699233543652",2
16,"57.380826197176475",2
17,"33.53180816458039",1