"day","dev","stage"
1,"29.683186142263967","1"
2,"66.34230617714542","3"
3,"51.60970757321652","2"
4,"40.286697198883935","2"